<project xmlns="http://maven.apache.org/POM/4.0.0" xmlns:xsi="http://www.w3.org/2001/XMLSchema-instance" xsi:schemaLocation="http://maven.apache.org/POM/4.0.0 http://maven.apache.org/xsd/maven-4.0.0.xsd">
  <modelVersion>4.0.0</modelVersion>
  <properties>
    <baseDir>/temp</baseDir>
		<groupId>groupId</groupId>
  	<artifactId>artifactId</artifactId>
  	<version>version</version>
    <maven.compiler.target>1.8</maven.compiler.target>
    <maven.compiler.source>1.8</maven.compiler.source>
    <kotlin.version>1.1.60</kotlin.version>
		<kotlin.compiler.languageVersion>1.1</kotlin.compiler.languageVersion>
		<kotlin.compiler.apiVersion>1.1</kotlin.compiler.apiVersion>
		<kotlin.compiler.jvmTarget>1.8</kotlin.compiler.jvmTarget>
</properties>
  <groupId>${groupId}</groupId>
  <artifactId>${artifactId}</artifactId>
  <version>${version}</version>
  <dependencies>
		<dependency>
        <groupId>org.jetbrains.kotlin</groupId>
        <artifactId>kotlin-stdlib-jre8</artifactId>
        <version>${kotlin.version}</version>
    </dependency>
  	<dependency>
  		<groupId>net.corda</groupId>
  		<artifactId>corda-core</artifactId>
  		<version>[2.0.0,)</version>
  	</dependency>
  	<dependency>
  		<groupId>net.corda</groupId>
  		<artifactId>corda-finance</artifactId>
  		<version>[2.0.0,)</version>
  	</dependency>
  	<dependency>
  		<groupId>com.tibco.dovetail</groupId>
  		<artifactId>dovetail-corda</artifactId>
  		<version>[0.1.0, )</version>
  	</dependency>
  </dependencies>
  <repositories>
    <repository>
      <snapshots>
        <enabled>false</enabled>
      </snapshots>
      <id>central</id>
      <name>Central Repository</name>
      <url>https://repo.maven.apache.org/maven2</url>
    </repository>
  </repositories>
  <build>
  	<directory>${baseDir}</directory>
    <sourceDirectory>${baseDir}/src/main/kotlin</sourceDirectory>
    <outputDirectory>${baseDir}/target/kotlin/classes</outputDirectory>
    <resources>
      <resource>
        <directory>${baseDir}/src/main/resources</directory>
      </resource>
    </resources>
    <finalName>kotlin-${project.artifactId}-${project.version}</finalName>
    <plugins>
    <plugin>
        <groupId>org.apache.maven.plugins</groupId>
        <artifactId>maven-jar-plugin</artifactId>
        <version>2.3.1</version>
        <configuration>
            <outputDirectory>${baseDir}</outputDirectory>
        </configuration>
    </plugin>
		<plugin>
            <artifactId>kotlin-maven-plugin</artifactId>
            <groupId>org.jetbrains.kotlin</groupId>
            <version>${kotlin.version}</version>
            <executions>
                <execution>
                    <id>compile</id>
                    <goals> <goal>compile</goal> </goals>
                </execution>
            </executions>
						<configuration>
        			<nowarn>true</nowarn>  <!-- Disable warnings -->
        			<args>
            		<arg>-java-parameters</arg> <!-- Enable strict mode for JSR-305 annotations -->
        			</args>
							</configuration>
        </plugin>
</plugins>
 </build>
</project>